feature,n_folds,selected_frac,sign_consistency,mean_abs_drop,mean_drop,majority_sign,score
user:U_ProfileUrl,5,1.0,0.8,0.018986174650472837,-2.0396481174994597e-07,-1,0.01518893972037827
user:HU_AverageInterval_days,5,1.0,0.8,0.018751621193165296,0.011394993858991814,1,0.015001296954532237
user:follower_to_followee_ratio,5,1.0,1.0,0.0058442311958820875,0.0058442311958820875,1,0.0058442311958820875
user:verified,5,1.0,0.8,0.0029795965099727794,0.0024052958106720815,1,0.002383677207978224
user:U_FollowerNumDay,5,1.0,0.8,0.002512090537961491,-0.002512090537961491,-1,0.002009672430369193
