fold,svd_k,block,delta_F1
1,0,no_bow,-0.028905191108701545
1,0,no_topics,-0.028905191108701545
1,0,no_msg_numeric,0.03175657359718076
