fold,k,dev_F1
1,0,0.873015873015873
1,300,0.873015873015873
1,500,0.873015873015873
1,800,-1.0
2,0,0.5882352941176471
2,300,0.5882352941176471
2,500,0.5882352941176471
2,800,-1.0
3,0,0.5824561403508772
3,300,0.5824561403508772
3,500,0.5824561403508772
3,800,-1.0
4,0,0.7017543859649122
4,300,0.7017543859649122
4,500,0.7017543859649122
4,800,-1.0
5,0,0.7058823529411765
5,300,0.7058823529411765
5,500,0.7058823529411765
5,800,-1.0
