family,P_mean,P_std,R_mean,R_std,F1_mean,F1_std,n_folds
BERT (H),0.5443389399446069,0.14254120006173715,0.5466718266253869,0.13312119740677905,0.5301336873429882,0.14026757137144633,5
