family,P_mean,P_std,R_mean,R_std,F1_mean,F1_std,n_folds
MLP-Users,0.6410242729526605,0.08749733185407604,0.6190402476780186,0.06370867110703103,0.6133855033855034,0.06168166644705766,5
