family,P_mean,P_std,R_mean,R_std,F1_mean,F1_std,n_folds
BERT (T),0.6190381050733375,0.13473174731939355,0.5990518575851393,0.1082817147282319,0.58077956923887,0.11733754654538336,5
