{"eval/f1":0.40522875816993464,"train/global_step":48,"train/total_flos":0,"eval/loss":0.6879822611808777,"eval/precision":0.41666666666666663,"train/train_steps_per_second":0.103,"train/train_loss":0.6419150034586588,"eval/recall":0.44047619047619047,"eval/steps_per_second":0.333,"_runtime":476,"train/epoch":4,"eval/samples_per_second":2.165,"eval/runtime":6.0057,"train/train_samples_per_second":0.798,"train/train_runtime":466.4342,"_timestamp":1.7530974976408875e+09,"_wandb":{"runtime":476},"_step":4}