fold,k,dev_F1
1,0,0.4857142857142857
1,300,0.4857142857142857
1,500,0.4857142857142857
1,800,0.4857142857142857
2,0,0.7662337662337663
2,300,0.7662337662337663
2,500,0.7662337662337663
2,800,0.7662337662337663
3,0,0.75
3,300,0.75
3,500,0.75
3,800,0.75
4,0,0.7213622291021672
4,300,0.7213622291021672
4,500,0.7213622291021672
4,800,0.7213622291021672
5,0,0.7662337662337663
5,300,0.7662337662337663
5,500,0.7662337662337663
5,800,0.7662337662337663
