family,P_mean,P_std,R_mean,R_std,F1_mean,F1_std,n_folds
BERT (T),0.47272652634721596,0.11793341717152536,0.4674509803921569,0.07492720619944591,0.43742078239427123,0.06975753431577883,5
