family,P_mean,P_std,R_mean,R_std,F1_mean,F1_std,n_folds
BERT (H),0.46254010695187164,0.11839872061614583,0.4622549019607843,0.09846522028574756,0.42919715106260625,0.09788345679229929,5
