family,P_mean,P_std,R_mean,R_std,F1_mean,F1_std,n_folds
MLP-Users,0.6539390434127277,0.13338766152924236,0.6453921568627451,0.12834640791746837,0.6402871146767873,0.13127441595337266,5
