{"eval/f1":0.4583333333333333,"eval/steps_per_second":0.458,"train/train_steps_per_second":0.119,"train/global_step":48,"train/total_flos":0,"eval/samples_per_second":2.976,"_step":4,"train/train_loss":0.6390623251597086,"eval/precision":0.5227272727272727,"train/train_runtime":403.2921,"_wandb":{"runtime":411},"train/train_samples_per_second":0.922,"_timestamp":1.7530886024732676e+09,"eval/loss":0.7001082301139832,"_runtime":411,"eval/recall":0.5119047619047619,"train/epoch":4,"eval/runtime":4.3683}